Page,Edits,Editors,Views
"David Bowie",297,149,1577922
"Helena Fürst",74,46,1328425
"Thorsten Legat",105,55,1266765
"Alan Rickman",95,55,969276
"The Revenant – Der Rückkehrer",135,57,760395
"Sophia Wollersheim",0,0,749729
"Maja Maranow",126,81,744914
"Deutschland",85,19,694969
"Nekrolog 2016",72,40,693664
"Handball-Europameisterschaft 2016",559,131,618613
"Ich bin ein Star – Holt mich hier raus!",113,55,608577
"Star Wars: Das Erwachen der Macht",156,84,556630
"Rolf Zacher",55,42,530244
"Bert Wollersheim",25,12,498608
"Angelique Kerber",82,39,497125
"Brigitte Nielsen",18,15,490354
"Menderes Bağcı",47,28,476107
"Paywall",6,4,464865
"Star Wars",136,21,461508
"Leonardo DiCaprio",46,31,459646
"Wolkenfrei",21,15,458645
"The Big Bang Theory",21,15,405954
"The Hateful Eight",71,42,358779
"H.P. Baxxter",22,17,357731
"Liste der Städte und Gemeinden in Finnland",0,0,355036
"The Man in the High Castle (Fernsehserie)",27,15,347597
"Super Bowl 50",58,27,346590
"Unix-Shell",1,1,336145
"Zoo (Fernsehserie)",39,30,324458
"Kleiner Waffenschein",11,10,320037
"Zika-Virus",124,48,318691
"Achim Mentzel",120,65,308616
"Charles Perrault",26,22,308284
"Ricky Harris (Moderator)",29,22,304046
"David Ortega Arenas",1,1,300471
"Wikipedia",296,46,300250
"Quentin Tarantino",26,20,298462
"The Walking Dead (Fernsehserie)",5,4,289740
"Oscarverleihung 2016",125,32,284286
"Game of Thrones",8,8,281498
"Vereinigte Staaten",10,7,278263
"Verblendung (2011)",2,2,262116
"Tom Hardy",10,7,260327
"Seed (Fernsehserie)",1,1,260128
"Michelle (Sängerin)",5,5,253023
"The Shannara Chronicles",52,28,249267
"Lemmy Kilmister",60,32,249138
"Handball",17,16,244899
"Helene Fischer",16,12,241991
"Deutsche Männer-Handballnationalmannschaft",125,38,241308
"Iman Abdulmajid",13,10,240726
"Gunter Gabriel",19,16,239136
"Figuren aus Star Wars",146,70,237217
"Colitis ulcerosa",3,3,234725
"Helena Fürst – Kämpferin aus Leidenschaft",12,10,234243
"James Bond",16,10,231468
"Die Ludolfs – 4 Brüder auf’m Schrottplatz",12,8,230565
"Österreich",39,28,226642
"Periodensystem",0,0,222094
"Donald Trump",97,46,221960
"Das erstaunliche Leben des Walter Mitty",6,6,219562
"Alternative für Deutschland",151,48,218306
"Berlin",23,14,218134
"Adolf Hitler",33,17,216249
"Schweiz",23,10,215979
"Til Schweiger",23,18,209809
"Burkina Faso",9,8,205874
"Sophie Taeuber-Arp",39,29,204462
"Karen Friesicke",42,22,204250
"Syrien",3,3,199474
"Jim Knopf und Lukas der Lokomotivführer",8,5,198767
"Der Lehrer (Fernsehserie)",34,26,197586
"The Danish Girl",32,15,197483
"Islamischer Staat (Organisation)",100,67,197226
"Der Hobbit (Filmtrilogie)",1,1,195908
"Hugh Glass",21,11,194045
"Zweiter Weltkrieg",31,10,193683
"Channing Tatum",15,13,193225
"Sylvester Stallone",40,15,193109
"Angela Merkel",40,28,192937
"Saudi-Arabien",37,24,191801
"American Football",14,9,189148
"Gaußsche Summenformel",2,2,187535
"Heilige Drei Könige",20,16,186998
"Sonja Zietlow",4,3,183776
"Facebook",11,10,182332
"Dagur Sigurðsson",14,9,181402
"Iran",79,35,180080
"Rote Armee Fraktion",42,19,179456
"Liste erfolgreicher Filme",44,10,178022
"Gefährten",0,0,176441
"Jürgen Milski",35,20,176058
"Super Bowl",8,6,175754
"Handballregeln",5,5,174798
"Russland",12,8,173878
"Daisy Ridley",23,11,173276
"Pablo Escobar",17,15,170834
"Borderline-Persönlichkeitsstörung",5,4,170533
"Erster Weltkrieg",4,3,168515
"Serena Williams",24,6,168365
"Adele (Sängerin)",?,?,167197
"Albert Göring",?,?,166072
"The Big Short (Film)",?,?,165813
"Fußball-Europameisterschaft 2016",?,?,163923
"Howard Hughes",?,?,162649
"Glenn Frey",?,?,161890
"Pretty Little Liars",?,?,161209
"Escape Plan",?,?,160359
"Julia Klöckner",?,?,158033
"Ruth Leuwerik",?,?,157779
"Jenny Elvers-Elbertzhagen",?,?,157560
"Chris Kyle",?,?,156853
"Asperger-Syndrom",?,?,156355
"Stephen Hawking",?,?,156351
"Pegida",?,?,155242
"Mitgliedstaaten der Europäischen Union",?,?,155140
"Kaley Cuoco",?,?,154777
"Two and a Half Men",?,?,154375
"Mechanisches Fernsehen",?,?,152869
"Jennifer Lawrence",?,?,152725
"Harry Potter",?,?,152534
"Motörhead",?,?,152006
"Grey’s Anatomy",?,?,151927
"Johnny Depp",?,?,151830
"Arnold Schwarzenegger",?,?,150672
"Sebastian Kurz",?,?,150665
"Hermann Göring",?,?,150330
"Fargo (Fernsehserie)",?,?,149981
"Wolfgang Amadeus Mozart",?,?,149211
"Kanada",?,?,148475
"Australien",?,?,147924
"Deutsche-Bank-Hochhaus",?,?,147484
"Sexuelle Übergriffe in der Silvesternacht 2015/16",?,?,147459
"Island",?,?,146572
"Bones – Die Knochenjägerin",?,?,146440
"Google",?,?,145076
"Frankreich",?,?,144411
"Fluch der Karibik",?,?,143815
"David Ortega",?,?,143787
"New York City",?,?,143542
"Duncan Jones (Regisseur)",?,?,143538
"Multiple Sklerose",?,?,143457
"Europäische Union",?,?,142384
"Frauke Petry",?,?,141392
"American Horror Story",?,?,141344
"Nathalie Volk",?,?,140590
"Die Pfeiler der Macht",?,?,139165
"Suits (Fernsehserie)",?,?,138886
"The Mentalist",?,?,138701
"Stefan Kretzschmar",?,?,138027
"Marie Antoinette",?,?,136771
"Morgen hör ich auf",?,?,136522
"Figuren aus dem Marvel-Universum",?,?,135996
"Präsidentschaftswahl in den Vereinigten Staaten 2016",?,?,135873
"Céline Dion",?,?,135817
"Tom Brady",?,?,135732
"YouTube",?,?,134893
"Scooter (Band)",?,?,134662
"Türkei",?,?,134154
"Breaking Bad",?,?,133968
"Ich bin ein Star – Holt mich hier raus! (Staffel 10)",?,?,133958
"Andreas Wolff (Handballspieler)",?,?,132885
"Eminem",?,?,132822
"Schengener Abkommen",?,?,132737
"Elvis Presley",?,?,132699
"Prison Break",?,?,132288
"Polen",?,?,131719
"Internet Movie Database",?,?,131711
"Pfeiffer-Drüsenfieber",?,?,131304
"Heinrich VIII. (England)",?,?,131061
"Black (Musiker)",?,?,130452
"Beatrix von Storch",?,?,130403
"Richard Lugner",?,?,129117
"Konfektionsgröße",?,?,128934
"Die Tribute von Panem",?,?,128903
"Navy CIS",?,?,128063
"Amyotrophe Lateralsklerose",?,?,127910
"Novak Đoković",?,?,127689
"Indien",?,?,127597
"Streif",?,?,127321
"Hamburg",?,?,126479
"Carolin Kebekus",?,?,125670
"Sex",?,?,125478
"Liste der Kfz-Kennzeichen in Deutschland",?,?,125077
"Golden Globe Awards 2016",?,?,124247
"National Football League",?,?,123994
"Looper (Film)",?,?,123494
"Schweden",?,?,123323
"Italien",?,?,123274
"Sherlock (Fernsehserie)",?,?,122988
"Scharlach",?,?,121682
"Köln",?,?,121560
"Eddie Redmayne",?,?,121349
"Sons of Anarchy",?,?,120924
"The Walking Dead (Fernsehserie)/Episodenliste",?,?,120891
"House of Cards (Fernsehserie)",?,?,120737
"Justin Bieber",?,?,119989
"Harrison Ford",?,?,119933
"Bundeskanzler (Deutschland)",?,?,119739
"Darts",?,?,119473
"Vierzehn Nothelfer",?,?,118411
"Akte X – Die unheimlichen Fälle des FBI",?,?,118336
"Michael Fassbender",?,?,117880
"Myanmar",?,?,117393
"Bayern",?,?,117375
"Europa",?,?,116709
"Peyton Manning",?,?,116605
"Downton Abbey",?,?,116603
"Islam",?,?,116453
"Johnny Galecki",?,?,116321
"Harry Potter (Filmreihe)",?,?,115864
"Vagina",?,?,115279
"Handball-Europameisterschaft",?,?,115267
"Dexter (Fernsehserie)",?,?,115201
"Hooligans gegen Salafisten",?,?,115004
"Liste der IPA-Zeichen",?,?,114972
"Elmsfeuer",?,?,114231
"Jessica Ginkel",?,?,113469
"Vampire Diaries",?,?,113405
"The Big Bang Theory/Episodenliste",?,?,113379
"Volksrepublik China",?,?,113355
"Adam Driver",?,?,112697
"Jim Parsons",?,?,112696
"American Sniper",?,?,112400
"Maghreb",?,?,112376
"München",?,?,111826
"Joaquín Guzmán",?,?,111697
"Supernatural",?,?,111592
"James Bond 007: Spectre",?,?,111568
"Joy – Alles außer gewöhnlich",?,?,111038
"Barack Obama",?,?,110707
"Handball-Weltmeisterschaft",?,?,110689
"Dänemark",?,?,110608
"Norwegen",?,?,110540
"Rooney Mara",?,?,110286
"New England Patriots",?,?,109587
"Spanien",?,?,109341
"Schizophrenie",?,?,108955
"Elyas M’Barek",?,?,108576
"Mr. Robot (Fernsehserie)",?,?,108094
"Vereinigtes Königreich",?,?,107996
"Lili Elbe",?,?,107976
"Berlin – Tag & Nacht",?,?,107919
"Creed – Rocky’s Legacy",?,?,107864
"Neuseeland",?,?,107846
"Deutschland sucht den Superstar",?,?,107679
"Niederlande",?,?,107659
"Verwandtschaftsbeziehung",?,?,107347
"Tuberkulose",?,?,106950
"Tatort: Willkommen in Hamburg",?,?,105979
"Homeland (Fernsehserie)",?,?,105116
"Bipolare Störung",?,?,104935
"Christoph Waltz",?,?,104793
"Geomatiker",?,?,104747
"Roger Federer",?,?,104711
"Resident Evil",?,?,104598
"Wien",?,?,104486
"Mark Hamill",?,?,104247
"Mein Kampf",?,?,104221
"Hahnenkammrennen",?,?,104211
"Aviator",?,?,104029
"Johann Wolfgang von Goethe",?,?,103907
"Grönland",?,?,103801
"Nordrhein-Westfalen",?,?,103454
"Daniel Craig",?,?,103407
"Japan",?,?,102943
"Reese Witherspoon",?,?,102616
"Lindsey Vonn",?,?,102565
"Malta",?,?,102448
"Dieter Bohlen",?,?,102330
"Israel",?,?,102160
"Tatort (Fernsehreihe)",?,?,102116
"Nordkorea",?,?,101995
"Kollegah",?,?,101907
"WhatsApp",?,?,101868
"Natalie Cole",?,?,101375
"Pirates of the Caribbean – Fremde Gezeiten",?,?,101352
"Vierschanzentournee",?,?,101091
"Liste der Präsidenten der Vereinigten Staaten",?,?,101046
"Daniel Hartwich",?,?,100965
"Doctor Who",?,?,100773
"Karneval, Fastnacht und Fasching",?,?,100670
"A4-Format",?,?,100522
"Sunniten",?,?,100440
"London",?,?,100394
"Cathy Lugner",?,?,100076
"Krieg der Sterne",?,?,99937
"Vietnamkrieg",?,?,99918
"Napoleon Bonaparte",?,?,99665
"Liste der Großstädte in Deutschland",?,?,99415
"Albert Einstein",?,?,99406
"Die Unfassbaren – Now You See Me",?,?,99337
"Susanne Wolff",?,?,99182
"Kuba",?,?,99063
"Michael Jackson",?,?,99051
"Methylphenidat",?,?,98901
"Singapur",?,?,98886
"Geschlechtsverkehr",?,?,98770
"Autismus",?,?,98695
"2 Broke Girls",?,?,98663
"Scary Movie 5",?,?,97931
"Lionel Messi",?,?,97701
"Bud Spencer",?,?,97092
"Luna Schweiger",?,?,97052
"Liam Neeson",?,?,96674
"Frankfurt am Main",?,?,96521
"Wir sind die Millers",?,?,96287
"Body-Mass-Index",?,?,96172
"Alejandro González Iñárritu",?,?,96122
"Jason Statham",?,?,96091
"Thomas Cromwell, 1. Earl of Essex",?,?,95998
"Wasserstoffbombe",?,?,95545
"Resident Evil (Film)",?,?,95537
"Mark Wahlberg",?,?,95157
"Jenna Dewan",?,?,94933
"Caterina Valente",?,?,94848
"Heath Ledger",?,?,94844
"Bob McCarron",?,?,94787
"Scoville-Skala",?,?,94754
"Hämorrhoiden",?,?,94284
"Nekrolog 2015",?,?,94181
"Empathie",?,?,94155
"Indonesien",?,?,94143
"Brad Pitt",?,?,94115
"Bundespräsident (Deutschland)",?,?,93782
"Krätze",?,?,93726
"Marokko",?,?,93500
"Gert Postel",?,?,93239
"Die blaue Lagune (1980)",?,?,93170
"Kaengsaeng 88",?,?,93133
"Kroatien",?,?,93088
"Star Wars: Episode I – Die dunkle Bedrohung",?,?,92898
"Vereinigte Arabische Emirate",?,?,92778
"RMS Titanic",?,?,92722
"Sonnensystem",?,?,92672
"Baden-Württemberg",?,?,92451
"Martin Luther King",?,?,92287
"Afghanistan",?,?,92264
"Oscar",?,?,92034
"Narzissmus",?,?,92007
"Dubai",?,?,91901
"Pearl Harbor (Film)",?,?,91742
"Liste der Disney-Filme",?,?,91705
"Liste der Länder Europas",?,?,91566
"Brittany Murphy",?,?,91503
"Will Smith",?,?,91416
"Robert De Niro",?,?,91101
"Clint Eastwood",?,?,90989
"Bruce Willis",?,?,90911
"Mount Everest",?,?,90908
"Die Welle (2008)",?,?,90786
"Depression",?,?,90721
"Airbus A380",?,?,90538
"Charlie Sheen",?,?,90257
"Steffi Graf",?,?,90251
"Normbrunnenflasche",?,?,90220
"Stieg Larsson",?,?,90188
"In Time – Deine Zeit läuft ab",?,?,89731
"Maria Stuart",?,?,89560
"Suicide Squad (Film)",?,?,89486
"Steve Gohouri",?,?,89449
"Mayim Bialik",?,?,89395
"Cristiano Ronaldo",?,?,89373
"René Angélil",?,?,89323
"Percy Jackson",?,?,89259
"Madeira",?,?,89149
"Universal Serial Bus",?,?,89082
"Liste der Tatort-Folgen",?,?,89045
"Domhnall Gleeson",?,?,88675
"Irland",?,?,88616
"The Counselor",?,?,88412
"Stefanie Stappenbeck",?,?,88349
"Angriff auf Pearl Harbor",?,?,88321
"Mauritius",?,?,88220
"Carolina Panthers",?,?,88153
"Griechisches Alphabet",?,?,88140
"Legend (2015)",?,?,88037
"Jennifer Jason Leigh",?,?,87909
"Criminal Minds",?,?,87829
"NATO",?,?,87828
"Holocaust",?,?,87708
"Breslau",?,?,87682
"Sinus und Kosinus",?,?,87607
"Rihanna",?,?,87585
"Figuren in Tolkiens Welt",?,?,87548
"Der Vorleser (Film)",?,?,87297
"Cate Blanchett",?,?,87101
"Gossip Girl",?,?,87007
"Weltwunder",?,?,86955
"Sean Connery",?,?,86829
"Ethanol",?,?,86819
"Elisabeth II.",?,?,86604
"Teen Wolf (Fernsehserie)",?,?,86547
"BDSM",?,?,86526
"Olympische Sommerspiele 2016",?,?,86470
"Marvel’s Jessica Jones",?,?,86437
"Deadpool",?,?,86393
"Martin Luther",?,?,86362
"Carrie Fisher",?,?,86312
"John F. Kennedy",?,?,86161
"David Garrett",?,?,86016
"Land (Deutschland)",?,?,85985
"Australian Open 2016",?,?,85828
"Arrow (Fernsehserie)",?,?,85670
"Sante de Santis",?,?,85529
"Gary Anderson (Dartspieler)",?,?,85508
"Tom Cruise",?,?,85381
"Hand-Fuß-Mund-Krankheit",?,?,85346
"Euro",?,?,85177
"Transatlantisches Freihandelsabkommen",?,?,85110
"Instagram",?,?,85078
"Independence Day (1996)",?,?,85068
"Anal bleaching",?,?,84968
"Artur Fischer",?,?,84905
"Die neun Pforten",?,?,84656
"Todesstrafe",?,?,84447
"Quinoa",?,?,84219
"Fibromyalgie",?,?,84123
"Phil Collins",?,?,84020
"Eyes Wide Shut",?,?,83945
"Brasilien",?,?,83886
"Interstellar",?,?,83872
"Keira Knightley",?,?,83855
"Jurassic Park",?,?,83848
"Figuren der Harry-Potter-Romane",?,?,83827
"Emma Watson",?,?,83774
"Berliner Mauer",?,?,83741
"Diabetes mellitus",?,?,83665
"Nora Tschirner",?,?,83650
"Sean Penn",?,?,83528
"Florian Martens",?,?,83366
"Lost (Fernsehserie)",?,?,83161
"Waffenschein",?,?,83147
"Castle (Fernsehserie)",?,?,83013
"Tatort: Der große Schmerz",?,?,82907
"Jennifer Aniston",?,?,82853
"Peter Prevc",?,?,82820
"Gro Swantje Kohlhof",?,?,82793
"Orange Is the New Black",?,?,82773
"Alicia Vikander",?,?,82661
"Emma Stone",?,?,82624
"Making a Murderer",?,?,82596
"Der Bergdoktor (2008)",?,?,82581
"Bürgerkrieg in Syrien",?,?,82519
"Walt Disney",?,?,82417
"Dirk Bach",?,?,82411
"Vereinte Nationen",?,?,82409
"Erde",?,?,82225
"Mila Kunis",?,?,82100
"Liste der Staaten der Erde",?,?,82066
"Terence Hill",?,?,81748
"Köln 50667",?,?,81723
"Pearl Harbor",?,?,81624
"Andreas Bourani",?,?,81540
"Cookinseln",?,?,81281
"Der Nanny",?,?,81268
"Chloë Grace Moretz",?,?,81156
"Die Frau in Schwarz",?,?,81075
"Keanu Reeves",?,?,80933
"Liste von Pornodarstellerinnen",?,?,80875
"Der Herr der Ringe (Filmtrilogie)",?,?,80803
"Steve Jobs",?,?,80720
"Masturbation",?,?,80716
"Rothschild",?,?,80613
"Bertolt Brecht",?,?,80532
"Ludwig van Beethoven",?,?,80461
"Vulva",?,?,80345
"Rachel McAdams",?,?,80325
"Fermentation",?,?,80224
"Gute Zeiten, schlechte Zeiten",?,?,80205
"Rocky",?,?,80108
"The Flash (Fernsehserie)",?,?,79874
"Jenny Elvers",?,?,79866
"Die 5. Welle",?,?,79588
"Planet der Affen: Prevolution",?,?,79492
"Pro Bowl",?,?,79465
"Elisabeth von Österreich-Ungarn",?,?,79127
"Gotham (Fernsehserie)",?,?,78982
"Sternsinger",?,?,78958
"Figuren im Lied von Eis und Feuer",?,?,78920
"Vatikanischer Hügel",?,?,78893
"Schleppschaufel",?,?,78750
"Primzahl",?,?,78727
"IG Metall",?,?,78719
"Dirk Nowitzki",?,?,78648
"Elisabeth I.",?,?,78600
"Kanarische Inseln",?,?,78555
"Ägypten",?,?,78542
"Thailand",?,?,78400
"Adam Sandler",?,?,78348
"Sechzehneichen (Film)",?,?,78275
"Incoterms",?,?,78267
"Hashimoto-Thyreoiditis",?,?,78164
"21 Jump Street (Film)",?,?,78055
"Operation Zucker",?,?,77941
"Jakobsweg",?,?,77854
"MDMA",?,?,77853
"Kray-Zwillinge",?,?,77810
"Sophia Thomalla",?,?,77774
"Mord im Orient-Expreß (Film)",?,?,77714
"Vierschanzentournee 2015/16",?,?,77689
"Sri Lanka",?,?,77631
"Ländervorwahlliste sortiert nach Nummern",?,?,77599
"Jake Gyllenhaal",?,?,77330
"Will Poulter",?,?,77268
"Buddhismus",?,?,77235
"Mexiko",?,?,77227
"FC Bayern München",?,?,77217
"FC Remscheid",?,?,77202
"Morbus Crohn",?,?,77202
"Schreckschusswaffe",?,?,77155
"Robin Hood (2010)",?,?,77150
"Wilsberg (Fernsehserie)",?,?,77137
"Kingsman: The Secret Service",?,?,77079
"Afrika",?,?,76977
"The 100",?,?,76974
"Finnland",?,?,76964
"Amanda Seyfried",?,?,76897
"Simone Thomalla",?,?,76753
"Ice Cube",?,?,76725
"Belgien",?,?,76514
"Sezessionskrieg",?,?,76460
"Scarlett Johansson",?,?,76444
"Liste der ältesten Menschen",?,?,76433
"Pink Floyd",?,?,76414
"Unechte Rose von Jericho",?,?,76375
"Jan Böhmermann",?,?,76277
"Samuel L. Jackson",?,?,76123
"Zac Efron",?,?,76045
"Blutgruppe",?,?,76023
"Tschiller und Gümer",?,?,75976
"Andrea Berg",?,?,75889
"Newton (Einheit)",?,?,75819
"Chinesisches Neujahrsfest",?,?,75778
"Lupus erythematodes",?,?,75777
"The Wolf of Wall Street (2013)",?,?,75636
"Dwayne Johnson",?,?,75617
"Brooke Shields",?,?,75498
"Tinder",?,?,75276
"Amphetamin",?,?,75208
"Der Marsianer – Rettet Mark Watney",?,?,75078
"One Direction",?,?,75055
"Parkinson-Krankheit",?,?,74999
"Wilbur L. Scoville",?,?,74927
"Terry Brooks",?,?,74908
"Mariss Jansons",?,?,74594
"Teneriffa",?,?,74516
"Sowjetunion",?,?,74330
"Down-Syndrom",?,?,74170
"Kate Winslet",?,?,74126
"Inglourious Basterds",?,?,74104
"Rumänien",?,?,73832
"Paul Walker",?,?,73827
"Natalie Portman",?,?,73751
"Zinédine Zidane",?,?,73681
"Griechenland",?,?,73639
"Südafrika",?,?,73638
"Angelina Jolie",?,?,73622
"Die Brücke am Kwai",?,?,73477
"Niedersachsen",?,?,73388
"Minecraft",?,?,73361
"Griechische Mythologie",?,?,73350
"Burj Khalifa",?,?,73338
"Eagles",?,?,73258
"Standardabweichung",?,?,73244
"Pomelo",?,?,73174
"Münster (Westfalen)",?,?,72991
"Hashtag",?,?,72929
"Los Angeles",?,?,72889
"Durian",?,?,72854
"Istanbul",?,?,72827
"Der Soldat James Ryan",?,?,72731
"Elon Musk",?,?,72728
"Kontinent",?,?,72637
"Dr. Dre",?,?,72611
"Eazy-E",?,?,72605
"Penis",?,?,72597
"Raspberry Pi",?,?,72469
"Dreißigjähriger Krieg",?,?,72466
"Oscar Isaac",?,?,72449
"Antoine Monot, Jr.",?,?,72422
"Pfefferspray",?,?,72391
"Bundeswehr",?,?,72297
"World War Z",?,?,72252
"Bundesstaat der Vereinigten Staaten",?,?,72195
"Stirb langsam",?,?,72054
"The Beatles",?,?,72031
"Sansibar",?,?,72025
"Bruttoinlandsprodukt",?,?,71994
"Liste von Bergen und Erhebungen in Dänemark",?,?,71951
"Dan Haggerty",?,?,71922
"Inspector Barnaby",?,?,71915
"Goldener Schnitt",?,?,71862
"Tupac Shakur",?,?,71774
"Für immer Liebe",?,?,71764
"Tschechien",?,?,71712
"England",?,?,71571
"Dienstgrade der Bundeswehr",?,?,71553
"Ausländerkriminalität",?,?,71523
"Wladimir Wladimirowitsch Putin",?,?,71512
"Rom",?,?,71493
"Paris",?,?,71334
"Michael Oher",?,?,71291
"Concorde",?,?,71269
"Jesiden",?,?,71251
"Lady Gaga",?,?,71118
"Osteopathie (Alternativmedizin)",?,?,71060
"Weimarer Republik",?,?,71050
"Ben Stiller",?,?,70961
"Unfriend",?,?,70920
"Florian Silbereisen",?,?,70814
"Doris Day",?,?,70745
"Portugal",?,?,70616
"Tom Hanks",?,?,70597
"Chorea Huntington",?,?,70556
"Android (Betriebssystem)",?,?,70503
"Liste der Millionenstädte",?,?,70399
"Herpes Zoster",?,?,70277
"Bachelor",?,?,70193
"Tatort: Fegefeuer",?,?,70061
"Zehn Gebote",?,?,70043
"Matt Damon",?,?,69954
"Bradley Cooper",?,?,69915
"Römisches Reich",?,?,69908
"BMW E90",?,?,69888
"Magnetresonanztomographie",?,?,69851
"Gigi Hadid",?,?,69839
"Die Eiskönigin – Völlig unverfroren",?,?,69721
"Hessen",?,?,69686
"Aische Pervers",?,?,69658
"Mars (Planet)",?,?,69514
"Tod auf dem Nil",?,?,69494
"Cam Newton",?,?,69463
"Syphilis",?,?,69386
"Percy Jackson – Im Bann des Zyklopen (Film)",?,?,69349
"Johnny Cash",?,?,69269
"Ryan Reynolds",?,?,69237
"Französische Revolution",?,?,69185
"Vikings (Fernsehserie)",?,?,69169
"Hawaii",?,?,69068
"Terroranschläge am 11. September 2001",?,?,69038
"Klitoris",?,?,69019
"Aksel Lund Svindal",?,?,68785
"Planet der Affen: Revolution",?,?,68783
"Planet der Affen",?,?,68779
"Kat Dennings",?,?,68730
"Bastian Pastewka",?,?,68620
"Amazon.com",?,?,68599
"Jane Eyre",?,?,68597
"Lichtgeschwindigkeit",?,?,68579
"Körpertemperatur",?,?,68558
"Avengers: Age of Ultron",?,?,68411
"BMW",?,?,68407
"Dresden",?,?,68378
"Mond",?,?,68363
"Netflix",?,?,68361
"Robert Geiss",?,?,68309
"Osmanisches Reich",?,?,68288
"Mord mit Aussicht",?,?,68223
"Sarah Connor",?,?,68192
"Der Hobbit: Eine unerwartete Reise",?,?,68134
"Taharrush gamea",?,?,68133
"How I Met Your Mother",?,?,68101
"John Boyega",?,?,68096
"Kosovo",?,?,68080
"Eiffelturm",?,?,68079
"Deutsche Demokratische Republik",?,?,68074
"Joule",?,?,67985
"Schottland",?,?,67955
"Jurassic World",?,?,67947
"YouPorn",?,?,67940
"Luxemburg",?,?,67917
"Wolf",?,?,67877
"Viskosität",?,?,67864
"Marvel Cinematic Universe",?,?,67851
"Matthias Schweighöfer",?,?,67836
"Topinambur",?,?,67829
"Snapchat",?,?,67820
"Bundespräsidentenwahl in Österreich 2016",?,?,67689
"Kim Kardashian",?,?,67529
"ABBA",?,?,67421
"Otto von Bismarck",?,?,67403
"Melissa Rauch",?,?,67371
"Waffenbesitzkarte (Deutschland)",?,?,67331
"Penélope Cruz",?,?,67306
"Bushido (Rapper)",?,?,67158
"Kokain",?,?,67090
"Rheinland-Pfalz",?,?,67044
"Volkswagen AG",?,?,67016
"Liste der höchsten Berge und Erhebungen in den Niederlanden",?,?,66950
"Unterwegs nach Cold Mountain (Film)",?,?,66950
"Jack Nicholson",?,?,66916
"Deutsche Nationalhymne",?,?,66911
"Ungarn",?,?,66906
"FIFA Ballon d’Or",?,?,66901
"Matrix (Film)",?,?,66895
"Nicolas Cage",?,?,66888
"Gina-Lisa Lohfink",?,?,66885
"Alexandra Daddario",?,?,66863
"Kalifornien",?,?,66840
"Intersexualität",?,?,66837
"Stuttgart",?,?,66791
"Emma Roberts",?,?,66774
"Freddie Mercury",?,?,66741
"Grand Slam (Tennis)",?,?,66618
"Kaki",?,?,66554
"Schia",?,?,66466
"Prakti.com",?,?,66382
"Kernwaffentechnik",?,?,66364
"Fahri Yardım",?,?,66310
"Christian Bale",?,?,66271
"Django Unchained",?,?,66258
"Liechtenstein",?,?,66255
"Gicht",?,?,66097
"Freimaurerei",?,?,66094
"Weltbevölkerung",?,?,65961
"Narcos",?,?,65827
"Cara Delevingne",?,?,65790
"Methamphetamin",?,?,65744
"Mensch",?,?,65642
"Henriette Reker",?,?,65633
"Jackie Chan",?,?,65605
"Mikrozephalie",?,?,65461
"Vietnam",?,?,65431
"Apocalypto",?,?,65413
"Maine-Coon-Katze",?,?,65374
"Charlize Theron",?,?,65298
"James Franco",?,?,65297
"Benedict Cumberbatch",?,?,65108
"Ryan Gosling",?,?,64857
"Leipzig",?,?,64816
"Washington, D.C.",?,?,64785
"Adolf Eichmann",?,?,64783
"Mary-Kate und Ashley Olsen",?,?,64756
"Heiliges Römisches Reich",?,?,64754
"Ausweisnummer",?,?,64662
"Wolfgang Albers (Polizeipräsident)",?,?,64655
"Boris Becker",?,?,64486
"Deutsche Sprache",?,?,64474
"Logarithmus",?,?,64425
"True Detective",?,?,64416
"Sido",?,?,64397
"Malediven",?,?,64301
"Oman",?,?,64270
"The Royals (Fernsehserie)",?,?,64244
"AnnenMayKantereit",?,?,64232
"Mad Max: Fury Road",?,?,64196
"Liste der 500 reichsten Deutschen",?,?,64185
"Modern Family",?,?,64128
"Low-Carb",?,?,64118
"Ralph Fiennes",?,?,64078
"Apple",?,?,64075
"American Pie (Filmreihe)",?,?,64021
"Alexander Van der Bellen",?,?,64005
"Kasachstan",?,?,63917
"Christoph Kolumbus",?,?,63896
"Milla Jovovich",?,?,63862
"Dinner for One",?,?,63860
"Scrubs – Die Anfänger",?,?,63848
"Liam Hemsworth",?,?,63841
"Faust. Eine Tragödie.",?,?,63820
"Mittelalter",?,?,63811
"Lisa Wagner",?,?,63795
"Resident Evil: Retribution",?,?,63785
"Jimmy Bain",?,?,63742
"Die Peanuts",?,?,63733
"Orgasmus",?,?,63676
"Kurt Russell",?,?,63674
"Sexualpraktik",?,?,63529
"Robin Hood",?,?,63425
"RAID",?,?,63385
"Anne Frank",?,?,63272
"Falco",?,?,63252
"Carl Friedrich Gauß",?,?,63235
"Schutzart",?,?,63232
"Faschismus",?,?,63206
"Montenegro",?,?,63190
"Barock",?,?,63144
"Whitney Houston",?,?,63122
"Rasseliste",?,?,63053
"Emma Schweiger",?,?,63044
"Maria Furtwängler",?,?,62981
"Moritz Bleibtreu",?,?,62960
"Harry Potter und der Stein der Weisen (Film)",?,?,62953
"Leonardo da Vinci",?,?,62893
"Gold",?,?,62874
"Papierformat",?,?,62873
"Hongkong",?,?,62825
"Cholecalciferol",?,?,62816
"Aminosäuren",?,?,62805
"Sarkomer",?,?,62771
"Margot Robbie",?,?,62736
"Inception",?,?,62719
"Boeing 747",?,?,62627
"Bridge of Spies – Der Unterhändler",?,?,62596
"Denver Broncos",?,?,62586
"Lufthansa",?,?,62577
"Sonne",?,?,62574
"Tatort: Kopfgeld",?,?,62567
"Hape Kerkeling",?,?,62508
"Flüchtlingskrise in Europa ab 2015",?,?,62447
"Pascal (Einheit)",?,?,62404
"Liste mathematischer Symbole",?,?,62387
"Der Vorleser",?,?,62374
"Klub 27",?,?,62338
"Kap Verde",?,?,62314
"Star Trek",?,?,62295
"Cookie",?,?,62294
"Alaska",?,?,62254
"Zlatko Trpkovski",?,?,62234
"Matrix-Vektor-Produkt",?,?,62192
"Irak",?,?,62153
"Australian Open",?,?,62152
"Vorsätze für Maßeinheiten",?,?,62094
"Vergewaltigung",?,?,62090
"Normalverteilung",?,?,62086
"Alpiner Skiweltcup 2015/16",?,?,62026
"Emily Blunt",?,?,61975
"Das Orakel vom Berge",?,?,61975
"Denzel Washington",?,?,61948
"Vorstadtweiber",?,?,61785
"Ludwig XIV.",?,?,61760
"Karl der Große",?,?,61731
"Slowenien",?,?,61679
"Watt (Einheit)",?,?,61611
"Ibuprofen",?,?,61575
"Gerard Butler",?,?,61462
"Eurowings",?,?,61404
"Taylor Swift",?,?,61387
"Brüder Grimm",?,?,61326
"Eritrea",?,?,61316
"Everest (2015)",?,?,61231
"Nimr al-Nimr",?,?,61229
"Guns N’ Roses",?,?,61166
"Big Brother (Fernsehshow)",?,?,61125
"Josef Mengele",?,?,61085
"John Cena",?,?,61079
"Robert Sassone",?,?,61067
"Friedrich Dürrenmatt",?,?,61031
"Klaus Kinski",?,?,61021
"Victoria (Vereinigtes Königreich)",?,?,60988
"Severin Freund",?,?,60930
"PH-Wert",?,?,60920
"Hauskatze",?,?,60914
"Pirates of the Caribbean",?,?,60909
"Der Bachelor",?,?,60890
"Albanien",?,?,60870
"David Bowie/Diskografie",?,?,60772
"Seiler und Speer",?,?,60676
"Chronisch obstruktive Lungenerkrankung",?,?,60607
"Germany’s Next Topmodel",?,?,60563
"Order of the British Empire",?,?,60544
"Emilia Clarke",?,?,60521
"Pluto",?,?,60482
"Ariana Grande",?,?,60315
"Kalter Krieg",?,?,60255
"Boxspringbett",?,?,60249
"Titanic (1997)",?,?,60158
"Seattle Seahawks",?,?,60149
"Whisky",?,?,60129
"Adidas",?,?,60105
"Phil Taylor (Dartspieler)",?,?,60100
"Lungenentzündung",?,?,60078
"Percy Jackson – Diebe im Olymp (Film)",?,?,60060
"Cameron Diaz",?,?,59990
"AC/DC",?,?,59971
"Der Hobbit: Die Schlacht der Fünf Heere",?,?,59908
"Lungenembolie",?,?,59895
"Miley Cyrus",?,?,59872
"Deutsches Kaiserreich",?,?,59848
"Rammstein",?,?,59842
"Gutmensch",?,?,59726
"Matthias Brandt",?,?,59667
"Nina Kunzendorf",?,?,59590
"Verblendung (2009)",?,?,59560
"Che Guevara",?,?,59542
"Lukas Graham",?,?,59524
"Jim Bridger",?,?,59517
"Donau",?,?,59453
"Litauen",?,?,59441
"Bernie Sanders",?,?,59439
"Indiana Jones",?,?,59368
"Robert Black (Serienmörder)",?,?,59340
"Gaius Iulius Caesar",?,?,59336
"Liste der Berge oder Erhebungen in Europa",?,?,59295
"Manu Bennett",?,?,59277
"Micaela Schäfer",?,?,59206
"Andy Serkis",?,?,59201
"Katherine Heigl",?,?,59198
"U-Bahn Zürich",?,?,59185
"Schaltjahr",?,?,59181
"Kurt Cobain",?,?,59115
"Absinth",?,?,59108
"Im Auftrag des Teufels",?,?,59082
"Pest",?,?,59080
"Johann Sebastian Bach",?,?,59077
"Revenge (Fernsehserie)",?,?,59076
"Ingwer",?,?,59075
"Heiko Maas",?,?,58993
"World Professional Darts Championship",?,?,58981
"Dr. House",?,?,58980
"John Travolta",?,?,58942
"Kulm (Skiflugschanze)",?,?,58932
"Parker Lewis – Der Coole von der Schule",?,?,58927
"Vin Diesel",?,?,58883
"Gluten",?,?,58854
"Oliver Cromwell",?,?,58831
"Robin Williams",?,?,58771
"Glucose",?,?,58729
"Ted (Film)",?,?,58729
"Düsseldorf",?,?,58673
"Mallorca",?,?,58668
"Die Rosenheim-Cops",?,?,58619
"Joseph Goebbels",?,?,58616
"Tiger",?,?,58607
"Die Rückkehr der Jedi-Ritter",?,?,58547
"Das Traumschiff",?,?,58530
"Arthrose",?,?,58513
"Venus Williams",?,?,58474
"Rhein",?,?,58452
"Honig im Kopf",?,?,58392
"Bitcoin",?,?,58359
"Human Development Index",?,?,58358
"Mohammed",?,?,58349
"Zombieland",?,?,58292
"Serbien",?,?,58282
"Alexander Walterowitsch Litwinenko",?,?,58216
"Patagonien",?,?,58141
"Chris Hemsworth",?,?,58129
"N.W.A",?,?,58085
"Mazedonien",?,?,58046
"Dominikanische Republik",?,?,58035
"Anne Boleyn",?,?,57982
"Handball-Weltmeisterschaft der Männer 2007",?,?,57938
"Hendrik Duryn",?,?,57934
"2012 (Film)",?,?,57863
"PlayStation 4",?,?,57820
"Eichhörnchen",?,?,57816
"Jan van Weyde",?,?,57762
"Die Bestimmung – Divergent",?,?,57743
"Penis des Menschen",?,?,57719
"Aluminium",?,?,57715
"SAP",?,?,57679
"Cro (Rapper)",?,?,57649
"Selena Gomez",?,?,57647
"USS Joseph P. Kennedy, Jr. (DD-850)",?,?,57610
"Zara Larsson",?,?,57600
"Tom Selleck",?,?,57580
"Alpiner Skiweltcup",?,?,57554
"Maslowsche Bedürfnishierarchie",?,?,57550
"Michael Jordan",?,?,57540
"Azoren",?,?,57515
"Valentinstag",?,?,57499
"Anne Hathaway",?,?,57482
"Robert F. Kennedy",?,?,57398
"Immanuel Kant",?,?,57245
"Renaissance",?,?,57239
"Pirates of the Caribbean – Am Ende der Welt",?,?,57218
"Klinische Psychologie",?,?,57203
"Ukraine",?,?,57135
"Liste der größten Metropolregionen der Welt",?,?,57129
"Konrad Adenauer",?,?,57096
"Nikola Tesla",?,?,57081
"In aller Freundschaft",?,?,57078
"Weißrussland",?,?,57070
"Mel Gibson",?,?,56979
"Präsident der Vereinigten Staaten",?,?,56943
"Pulp Fiction",?,?,56897
"2016",?,?,56798
"Moldawien",?,?,56752
"Analverkehr",?,?,56744
